{"root": [1.0, 3.725290298461914e-09, -5.684341886080802e-14, -1.4210854715202004e-14], "pelvis": [0.9999446868896484, 8.937468919612002e-06, 0.001460448605939746, -0.010418464429676533], "thigh_R": [0.9901739358901978, 0.13544334471225739, -0.009435547515749931, 0.033491212874650955], "calf_R": [0.9555354714393616, -0.2271719127893448, 0.16425740718841553, -0.0914575532078743], "foot_R": [0.992548406124115, 0.11801309883594513, 0.02829444780945778, 0.010953646153211594], "toes_R": [0.9995638728141785, -0.026428155601024628, -0.009617154486477375, -0.009007485583424568], "calf_twist_R": [1.0, 0.0, 1.6298143279414035e-08, 3.7252898543727042e-09], "thigh_twist_R": [0.9995644688606262, -0.025005144998431206, -0.0006140315090306103, 0.01566188968718052], "thigh_L": [0.9720848202705383, 0.22879169881343842, 0.0051577831618487835, 0.05175841227173805], "calf_L": [0.9864107370376587, -0.14960333704948425, -0.03599337115883827, 0.057594578713178635], "foot_L": [0.9951120615005493, -0.0643835961818695, -0.07207908481359482, 0.020282482728362083], "toes_L": [0.999216616153717, 0.005438534542918205, 0.007945850491523743, -0.038385502994060516], "calf_twist_L": [1.0, -1.8626444830971423e-09, -1.8626444830971423e-09, -3.7252885221050747e-09], "thigh_twist_L": [0.9995644092559814, -0.0250050388276577, 0.0006146032828837633, -0.015662064775824547], "spine01": [0.9541522860527039, 0.2993214428424835, -5.6144290283555165e-05, 0.000407883373554796], "spine02": [0.9954286813735962, 0.09434549510478973, -0.00012981044710613787, 0.014857765287160873], "spine03": [0.9967144727706909, 0.0809725895524025, -0.0010179550154134631, 0.0016306312754750252], "clavicle_L": [0.9966925978660583, 0.033784523606300354, 0.014575359411537647, -0.0724567398428917], "upperarm_L": [0.8086586594581604, 0.32184451818466187, -0.21374556422233582, -0.44362184405326843], "lowerarm_L": [0.9618282318115234, 0.26588383316993713, 0.04791095480322838, -0.04355297237634659], "hand_L": [0.9815083742141724, -0.14469380676746368, -0.0022520581260323524, -0.12529975175857544], "thumb01_L": [0.9199941158294678, -0.2655942440032959, 0.25492849946022034, 0.13446825742721558], "thumb02_L": [0.9870864748954773, -0.09415926039218903, -0.0890047550201416, -0.09419243037700653], "thumb03_L": [0.9813245534896851, 0.1441226750612259, -0.01757720299065113, -0.12618125975131989], "index00_L": [1.0, 0.0, -4.4703462265260896e-08, 1.4901155864777138e-08], "index01_L": [0.9905972480773926, 0.1353040188550949, -0.005387898534536362, -0.01951448619365692], "index02_L": [0.9234757423400879, -0.3836236000061035, -0.0001630971091799438, -0.005046358797699213], "index03_L": [0.9991564154624939, 0.0013125286204740405, 0.007780715357512236, -0.040300920605659485], "middle00_L": [1.0, -4.470347647611561e-08, 2.654268804747062e-08, 9.31322685637781e-10], "middle01_L": [0.9997237324714661, -0.020493658259510994, -0.002812356222420931, -0.011158700101077557], "middle02_L": [0.9537419080734253, -0.3000781238079071, -0.004707684274762869, -0.017530390992760658], "middle03_L": [0.9937084317207336, -0.1066572368144989, 0.010449418798089027, -0.03253452852368355], "ring00_L": [1.0, 2.2351731132630448e-08, 1.8160786652288152e-08, 0.0], "ring01_L": [0.9914815425872803, -0.12149207293987274, -0.004781388211995363, -0.04670364782214165], "ring02_L": [0.9701535105705261, -0.2378281205892563, -0.0064024548046290874, 0.046892739832401276], "ring03_L": [0.9942330718040466, -0.0913802981376648, 0.019476227462291718, -0.052638329565525055], "pinky00_L": [1.0, 2.2351731132630448e-08, -1.7695118259553055e-08, 3.539023651910611e-08], "pinky01_L": [0.9934695959091187, -0.09212644398212433, -0.007366459351032972, -0.06690780818462372], "pinky02_L": [0.9411443471908569, -0.3377300202846527, 0.008083384484052658, -0.010972381569445133], "pinky03_L": [0.9861475229263306, -0.16361606121063232, 0.0016775315161794424, 0.027202976867556572], "lowerarm_twist_L": [0.9976556301116943, -0.06825387477874756, -0.0003700043889693916, -0.004954951349645853], "upperarm_twist_L": [0.998021125793457, -0.03931759297847748, -0.004073150455951691, -0.04890136793255806], "clavicle_R": [0.9975109100341797, -0.04980031028389931, 0.014844776131212711, 0.047661393880844116], "upperarm_R": [0.7647650241851807, 0.1512031853199005, 0.2579951882362366, 0.5707105994224548], "lowerarm_R": [0.9695480465888977, 0.20614519715309143, -0.07252468168735504, 0.11054899543523788], "hand_R": [0.9916637539863586, -0.029611092060804367, 0.016915876418352127, 0.1242581158876419], "thumb01_R": [0.9198715090751648, -0.26585134863853455, -0.25521320104599, -0.13425928354263306], "thumb02_R": [0.987037718296051, -0.0943078026175499, 0.08914908766746521, 0.09441813081502914], "thumb03_R": [0.981326699256897, 0.14415602385997772, 0.01771758310496807, 0.1261068731546402], "index00_R": [1.0, -2.2351736461700966e-08, -1.8626438169633275e-09, 1.8626438169633275e-09], "index01_R": [0.9774101972579956, 0.20998214185237885, -0.008494317531585693, 0.022464174777269363], "index02_R": [0.9528783559799194, -0.302679181098938, -0.011284122243523598, 0.016759604215621948], "index03_R": [0.9991570711135864, 0.0013775783590972424, -0.010686410591006279, 0.03961228206753731], "middle00_R": [1.0, -7.450578820566989e-09, -9.313225746154785e-10, -7.450580152834618e-09], "middle01_R": [0.9903663992881775, 0.13419026136398315, -0.021899515762925148, 0.026224439963698387], "middle02_R": [0.9534961581230164, -0.3013468086719513, 0.002990197855979204, 0.005128783639520407], "middle03_R": [0.9938205480575562, -0.10537105798721313, -0.0049213538877666, 0.034546639770269394], "ring00_R": [1.0, 1.4901159417490817e-08, -4.656610097519831e-10, 1.8626444386882213e-08], "ring01_R": [0.9977222681045532, -0.025445671752095222, -0.007397761568427086, 0.06203307956457138], "ring02_R": [0.970404326915741, -0.236657977104187, 0.007913509383797646, -0.047389909625053406], "ring03_R": [0.9940993785858154, -0.09223610162734985, -0.019386552274227142, 0.05369289964437485], "pinky00_R": [1.0, 1.4901154976598718e-08, -2.7939670577126208e-09, -7.450578820566989e-09], "pinky01_R": [0.9922885894775391, -0.09809121489524841, 0.002578751416876912, 0.07572893798351288], "pinky02_R": [0.9411107301712036, -0.3379356265068054, -0.005824200343340635, 0.008734322153031826], "pinky03_R": [0.9865226745605469, -0.16159573197364807, -0.004534521605819464, -0.025284888222813606], "lowerarm_twist_R": [0.9976556301116943, -0.06825431436300278, 0.0003700353263411671, 0.004954956471920013], "upperarm_twist_R": [0.9980211853981018, -0.039317503571510315, 0.004059681203216314, 0.04890191927552223], "neck": [0.883764922618866, -0.46473896503448486, 0.051169682294130325, -0.018945442512631416], "head": [-0.9956244230270386, 0.07806747406721115, -0.04363662004470825, -0.027086695656180382], "breast_L": [0.95930415391922, 0.08120473474264145, 0.01800278015434742, 0.2698465585708618], "breast_R": [0.9619408845901489, 0.08068003505468369, -0.01936390809714794, -0.26035645604133606]}